{"B": [0.0, 1.0, 2.0, 3.0, 4.0, 6.0], "s_surv": {"0.010": [-4.008488597978692e-06, -0.00015195911264396752, -0.00016259198687701586, 3.4622490616785576e-05, -0.0001144463385877243, 0.0008283501324441605], "0.020": [-0.0009053725963878391, -0.0011598242621726317, -0.0007132251326035345, -0.0005388869229134455, -5.709959731459503e-05, -0.0001846778700029638], "0.030": [-0.0004592756996713566, -0.0006871001290818382, -0.0007375939675319882, -0.0009778963913582147, -0.0007179823711399978, -0.0006137751997405898]}, "Tr_grid": [48, 47, 46, 44, 42, 40], "s_meno_B1": [-0.0002372576387052289, -0.00025890039114413233, -0.0005261259933248435, -0.0015720657321442264, -0.002307767292615075, -0.004293121355902527], "s_meno_B4": [0.0003079837036889563, 0.0004363101161043844, 0.00028419853293558004, -0.000637180976069451, -0.0009580057504229992, -0.0030444685592783205], "s_meno40_mmoff": [-0.004967297825066745, -0.005196784082756475, -0.003933969775151211, -0.004075556434721091, -0.003347643569215614, -0.003130848977026801], "s_meno40_mmon": [-0.004215475203730077, -0.004293121355902527, -0.004352852303167126, -0.0041733609346485245, -0.0030444685592783205, -0.0019052275797110797]}