{
  "drep0.0060_B1.0_pgm0.0": {
    "label": "Baseline (\u03b4_rep=0.006, B=1, B_pgm=0)",
    "delta_rep": 0.006,
    "B": 1.0,
    "B_pgm": 0.0,
    "p_u": 0.05,
    "Tr": 47.48,
    "Tr_sd": 0.03,
    "Td": 48.0,
    "l70": 0.17,
    "PRLS": 0.5
  },
  "drep0.0012_B1.0_pgm0.0": {
    "label": "Improved maint \u00d70.2 (\u03b4_rep=0.0012, B=1, B_pgm=0)",
    "delta_rep": 0.0012000000000000001,
    "B": 1.0,
    "B_pgm": 0.0,
    "p_u": 0.05,
    "Tr": 47.67,
    "Tr_sd": 0.01,
    "Td": 49.7,
    "l70": 0.2,
    "PRLS": 2.0
  },
  "drep0.0006_B1.0_pgm0.0": {
    "label": "Improved maint \u00d70.1 (\u03b4_rep=0.0006, B=1, B_pgm=0)",
    "delta_rep": 0.0006000000000000001,
    "B": 1.0,
    "B_pgm": 0.0,
    "p_u": 0.05,
    "Tr": 47.7,
    "Tr_sd": 0.02,
    "Td": 50.0,
    "l70": 0.21,
    "PRLS": 2.3
  },
  "drep0.0012_B1.0_pgm1.0": {
    "label": "Two-GMs + maint \u00d70.2 (\u03b4_rep=0.0012, B=1, B_pgm=1)",
    "delta_rep": 0.0012000000000000001,
    "B": 1.0,
    "B_pgm": 1.0,
    "p_u": 0.05,
    "Tr": 47.67,
    "Tr_sd": 0.01,
    "Td": 49.7,
    "l70": 0.2,
    "PRLS": 2.1
  }
}